first_page_width,width,images,pages,pages_with_irs_mark,pages_without,in_rendered_widths
1648,1664,1,7,2,5,False
1648,1680,1,7,6,1,False
1648,1648,1,1,0,1,False
2224,2224,32,674,673,1,True
2224,2544,11,253,0,253,False
2224,3296,3,23,0,23,False
2224,2496,1,21,0,21,False
2224,2528,2,19,0,19,False
2224,2512,2,19,0,19,False
2224,3040,15,18,18,0,True
2224,2336,9,10,10,0,True
2224,2320,7,7,7,0,True
2224,2550,1,2,0,2,False
2224,2688,1,1,0,1,False
2224,2256,1,1,1,0,False
2240,2240,563,10936,10872,64,True
2240,2544,247,1850,39,1811,False
2240,2432,462,1327,1222,105,True
2240,2256,563,563,563,0,True
2240,2550,39,453,0,453,False
2240,3072,298,354,317,37,True
2240,2272,272,272,272,0,True
2240,2528,50,239,0,239,False
2240,2496,17,189,28,161,False
2240,2320,175,175,175,0,True
2240,3296,21,96,1,95,False
2240,2304,91,91,91,0,True
2240,2480,5,86,0,86,False
2240,2464,10,68,0,68,False
2240,2560,18,68,0,68,False
2240,2512,15,56,0,56,False
2240,3056,51,53,53,0,True
2240,3248,2,19,0,19,False
2240,2768,4,11,0,11,False
2240,2688,3,6,0,6,False
2240,2144,2,5,0,5,False
2240,2542,2,4,0,4,False
2240,2672,1,4,0,4,False
2240,2592,2,4,0,4,False
2240,2562,1,4,0,4,False
2240,2529,3,4,0,4,False
2240,2552,3,4,0,4,False
2240,2548,2,3,0,3,False
2240,2546,2,3,0,3,False
2240,2848,1,3,0,3,False
2240,2576,2,3,0,3,False
2240,4176,1,3,0,3,False
2240,2547,2,3,0,3,False
2240,3184,2,3,0,3,False
2240,3632,2,3,0,3,False
2240,3104,2,2,0,2,False
2240,2538,2,2,0,2,False
2240,2624,1,2,0,2,False
2240,2640,1,2,0,2,False
2240,2992,2,2,0,2,False
2240,10672,1,2,0,2,False
2240,2527,1,2,0,2,False
2240,2536,1,1,0,1,False
2240,2540,1,1,0,1,False
2240,3616,1,1,0,1,False
2240,2545,1,1,0,1,False
2240,3440,1,1,0,1,False
2240,4448,1,1,0,1,False
2240,2571,1,1,0,1,False
2240,2575,1,1,0,1,False
2240,3024,1,1,0,1,False
2240,3856,1,1,0,1,False
2240,2534,1,1,0,1,False
2240,3232,1,1,0,1,False
2240,4583,1,1,0,1,False
2240,2521,1,1,0,1,False
2240,2526,1,1,0,1,False
2240,2533,1,1,0,1,False
2240,2530,1,1,0,1,False
2240,2524,1,1,0,1,False
2240,2288,1,1,1,0,False
2256,2256,186,4026,3992,34,True
2256,2544,131,1573,2,1571,False
2256,2550,15,248,0,248,False
2256,3296,17,153,0,153,False
2256,3072,101,113,110,3,True
2256,2560,10,113,0,113,False
2256,2368,107,107,107,0,True
2256,2352,106,106,106,0,True
2256,2528,6,68,0,68,False
2256,2562,3,55,0,55,False
2256,2384,44,44,44,0,True
2256,2547,2,33,0,33,False
2256,2559,1,28,0,28,False
2256,2565,1,22,0,22,False
2256,2556,1,19,0,19,False
2256,2540,1,16,0,16,False
2256,2543,1,15,0,15,False
2256,3312,1,14,0,14,False
2256,2538,1,13,0,13,False
2256,2552,1,12,0,12,False
2256,2542,1,12,0,12,False
2256,2541,1,12,0,12,False
2256,2571,2,11,0,11,False
2256,2512,5,10,0,10,False
2256,2592,2,9,0,9,False
2256,2554,3,9,0,9,False
2256,2568,1,9,0,9,False
2256,4192,1,9,0,9,False
2256,2555,1,8,0,8,False
2256,2549,1,7,0,7,False
2256,2553,1,7,0,7,False
2256,2545,1,7,0,7,False
2256,2522,1,6,0,6,False
2256,2539,1,6,0,6,False
2256,2558,1,6,0,6,False
2256,2557,1,6,0,6,False
2256,3000,1,5,0,5,False
2256,2551,1,5,0,5,False
2256,2667,1,4,0,4,False
2256,2817,1,4,0,4,False
2256,2850,2,4,0,4,False
2256,2480,3,4,0,4,False
2256,3264,1,4,0,4,False
2256,3280,2,4,0,4,False
2256,2546,1,4,0,4,False
2256,2561,1,4,0,4,False
2256,2548,1,4,0,4,False
2256,2688,1,3,0,3,False
2256,2704,1,3,0,3,False
2256,2624,1,3,0,3,False
2256,2526,1,3,0,3,False
2256,2464,1,3,0,3,False
2256,2633,1,2,0,2,False
2256,2658,1,2,0,2,False
2256,2646,1,2,0,2,False
2256,2746,1,2,0,2,False
2256,2763,1,2,0,2,False
2256,2779,1,2,0,2,False
2256,2838,1,2,0,2,False
2256,2524,1,2,0,2,False
2256,2530,1,2,0,2,False
2256,2532,1,2,0,2,False
2256,2448,1,2,0,2,False
2256,4896,1,2,0,2,False
2256,2580,1,2,0,2,False
2256,2563,1,2,0,2,False
2256,3392,1,2,0,2,False
2256,2750,1,1,0,1,False
2256,2758,1,1,0,1,False
2256,2516,1,1,0,1,False
2256,2520,1,1,0,1,False
2256,2579,1,1,0,1,False
2256,2864,1,1,0,1,False
2256,2800,1,1,0,1,False
2256,2537,1,1,0,1,False
2256,2566,1,1,0,1,False
2256,2567,1,1,0,1,False
2256,2564,1,1,0,1,False
2256,2496,1,1,0,1,False
2256,2479,1,1,0,1,False
2432,2432,81,1785,1761,24,True
2432,2544,41,630,0,630,False
2432,3072,43,55,49,6,True
2432,2528,2,17,0,17,False
2432,3296,1,10,0,10,False
2432,2560,1,8,0,8,False
2432,2550,2,4,0,4,False
2432,2700,1,4,0,4,False
2432,2464,1,4,0,4,False
2432,2545,1,2,0,2,False
2432,2541,1,1,0,1,False
2432,2543,1,1,0,1,False
2432,2512,1,1,0,1,False
2432,2480,1,1,0,1,False
2560,2560,5,107,25,82,False
2560,2576,2,28,6,22,False
2576,2576,5,95,37,58,False
2576,2560,1,19,12,7,False
2592,2592,4,95,33,62,False
2592,2912,1,1,0,1,False
2608,2592,1,11,0,11,False
2608,2608,1,6,0,6,False
2608,2576,1,4,1,3,False
2688,2688,1,12,1,11,False
2688,2672,1,12,1,11,False
2688,2704,1,1,0,1,False
2800,2800,89,2060,2026,34,True
2800,2544,30,362,0,362,False
2800,2550,6,91,0,91,False
2800,3408,63,70,70,0,True
2800,2528,3,47,0,47,False
2800,3280,1,45,0,45,False
2800,3296,8,36,0,36,False
2800,2512,5,12,0,12,False
2800,2560,3,9,0,9,False
2800,3392,5,5,0,5,True
2800,2496,1,2,0,2,False
2800,3248,1,2,0,2,False
2800,3600,1,2,0,2,False
2800,10624,1,2,0,2,False
2800,2100,1,1,0,1,False
