object_id,taxyear,image_generated,first_page_width,pages,attachment_from,attachment_pages,width_at_the_cut,unmarked_pages_before_the_cut,marked_pages_from_the_cut_on
201602169349101630,2015,2016-12-06,2800,53,31,23,2544,0,0
201602219349100440,2015,2016-12-08,2800,26,,0,,2,0
201602229349100230,2014,2016-12-14,2800,21,21,1,2560,1,0
201602259349100035,2015,2016-12-21,2800,19,,0,,0,0
201602259349100415,2015,2017-01-06,2800,21,,0,,0,0
201602289349100340,2015,2016-12-21,2800,22,,0,,0,0
201602289349100640,2015,2016-12-21,2800,23,22,2,2496,0,0
201602329349100005,2015,2017-01-03,2800,25,,0,,1,0
201602719349100300,2015,2017-01-17,2800,31,,0,,3,0
201602739349100300,2015,2017-01-17,2800,22,22,1,2544,1,0
201602789349100310,2015,2017-01-18,2800,22,,0,,1,0
201602789349100410,2014,2017-01-18,2800,29,27,3,2544,1,0
201602829349100600,2015,2017-01-19,2800,23,,0,,1,0
201602869349100770,2015,2017-01-19,2800,24,,0,,1,0
201602959349100300,2015,2017-01-25,2800,27,,0,,0,0
201603019349100510,2015,2017-01-26,2800,53,33,21,2544,1,0
201603029349100110,2015,2017-02-18,2224,23,,0,,0,0
201603059349100305,2015,2017-02-18,2224,14,,0,,0,0
201603089349100000,2015,2017-02-17,2224,23,23,1,2544,0,0
201603089349100215,2015,2017-02-17,2224,39,27,13,2544,0,0
201603089349100400,2015,2017-02-17,2224,30,,0,,0,0
201603089349100600,2015,2017-02-17,2224,40,25,16,2528,0,0
201603099349100320,2015,2017-02-28,2256,27,27,1,2544,0,0
201603139349100315,2015,2017-02-27,2256,53,30,24,2544,0,0
201603139349100735,2015,2017-02-27,2256,74,25,50,2544,0,0
201603149349100115,2015,2017-03-02,2256,83,25,59,2544,0,0
201603149349100410,2015,2017-03-02,2256,32,29,4,2544,0,0
201603149349100820,2015,2017-02-27,2256,28,18,11,2544,0,0
201603149349101420,2015,2017-02-27,2256,22,20,3,2688,0,0
201603159349100515,2015,2017-02-28,2256,35,30,6,2544,0,0
201603159349100915,2015,2017-02-27,2256,35,32,4,2560,0,0
201603159349100965,2015,2017-02-28,2256,30,28,3,2560,0,0
201603189349100500,2015,2017-03-02,2256,24,,0,,0,0
201603199349100745,2015,2017-03-02,2256,19,,0,,0,0
201603199349101110,2015,2017-03-02,2256,31,25,7,2544,0,0
201603199349101320,2015,2017-03-02,2256,29,,0,,1,0
201603199349102255,2015,2017-03-02,2256,18,18,1,2560,0,0
201603199349102705,2015,2017-03-03,2256,78,30,49,2550,0,0
201603199349102730,2015,2017-03-02,2256,39,27,13,2624,0,0
201603209349100525,2015,2017-03-10,2256,29,25,5,2544,0,0
201603209349101640,2015,2017-03-03,2256,27,27,1,2544,0,0
201603209349101755,2015,2017-03-24,2256,31,,0,,0,0
201603209349103765,2015,2017-03-03,2256,28,,0,,0,0
201603209349103970,2015,2017-03-24,2256,19,,0,,0,0
201603209349104055,2015,2017-03-10,2256,72,41,32,2544,6,0
201603209349104155,2015,2017-03-03,2256,36,20,17,2544,0,0
201603339349100100,2015,2017-04-17,2256,39,18,22,2528,0,0
201603349349100000,2015,2017-04-17,2256,22,21,2,2544,0,0
201603489349100305,2015,2017-04-19,2256,54,34,21,3296,0,0
201603569349100400,2015,2017-04-20,2256,38,26,13,2544,0,1
201612079349100011,2015,2016-12-12,2800,69,,0,,0,0
201612109349100021,2015,2016-12-12,2800,33,,0,,2,0
201612149349100126,2015,2016-12-07,2800,27,27,1,2544,1,0
201612149349100326,2015,2016-12-06,2800,27,24,4,2544,0,0
201612159349100511,2015,2016-12-06,2800,32,30,3,2544,1,0
201612189349100516,2015,2016-12-14,2800,47,28,20,3296,1,0
201612219349100336,2015,2016-12-15,2800,26,,0,,1,0
201612259349100756,2015,2016-12-21,2800,23,23,1,2544,0,0
201612469349100601,2015,2017-01-05,2800,34,19,16,2544,0,0
201612529349100501,2015,2017-01-05,2800,36,19,18,2512,0,0
201612589349100511,2015,2017-01-10,2800,26,22,5,3248,0,0
201612589349100621,2015,2017-01-10,2800,19,19,1,2550,0,0
201612639349100351,2015,2017-02-17,2224,26,21,6,2544,0,0
201612729349100106,2015,2017-01-17,2800,20,,0,,0,0
201612859349100711,2015,2017-01-19,2800,24,,0,,0,0
201612919349100606,2015,2017-01-24,2800,21,21,1,2544,1,0
201612919349100726,2015,2017-02-17,2224,33,26,8,3296,0,0
201612939349100501,2015,2017-01-24,2800,29,,0,,0,0
201612949349100206,2015,2017-01-20,2800,48,28,21,2544,1,0
201613049349100251,2015,2017-02-17,2224,56,19,38,2496,0,0
201613059349100001,2015,2017-02-17,2224,25,18,8,2544,0,0
201613069349100001,2015,2017-02-21,2224,27,,0,,0,0
201613069349100116,2015,2017-02-21,2224,22,,0,,0,0
201613149349100841,2015,2017-02-28,2256,21,,0,,0,0
201613159349100226,2015,2017-02-27,2256,35,21,15,2544,0,0
201613159349101106,2015,2017-02-28,2256,31,27,5,3000,0,0
201613169349101201,2015,2017-03-07,2256,27,26,2,2448,0,0
201613189349100606,2015,2017-03-07,2256,90,24,67,2560,0,0
201613199349101136,2015,2017-03-07,2256,28,22,7,2544,0,0
201613199349101211,2015,2017-03-07,2256,54,29,26,2544,0,0
201613199349101931,2015,2017-03-29,2256,28,20,9,2544,0,0
201613199349102756,2015,2017-03-29,2256,23,21,3,2464,0,0
201613199349103106,2015,2017-03-07,2256,84,33,52,2544,0,0
201613199349103266,2015,2017-03-29,2256,57,34,24,2544,0,0
201613209349100221,2015,2017-03-08,2256,43,34,10,2550,1,0
201613209349101071,2015,2017-03-08,2256,37,32,6,2544,0,0
201613209349101226,2015,2017-03-30,2256,72,37,36,2544,2,0
201613209349103271,2015,2017-03-30,2256,15,14,2,2544,0,0
201613209349103471,2015,2017-03-30,2256,29,27,3,2544,0,0
201613229349100001,2015,2017-03-30,2256,20,20,1,2544,0,0
201613279349100501,2015,2017-04-18,2256,37,16,22,2544,0,0
201613479349100701,2015,2017-04-19,2256,94,30,65,2544,0,0
201621379349100832,2015,2016-12-28,2800,20,18,3,2544,0,0
201621379349101107,2015,2016-12-23,2800,30,29,2,3296,1,0
201621379349102062,2015,2016-12-23,2800,32,24,9,2550,1,0
201621379349102272,2015,2016-12-23,2800,109,29,81,2550,0,0
201621379349102857,2015,2016-12-23,2800,26,25,2,2544,0,0
201621379349103027,2015,2016-12-28,2800,55,23,33,2544,0,0
201621379349103307,2015,2016-12-28,2800,24,,0,,0,0
201622149349100707,2015,2016-12-06,2800,24,,0,,1,0
201622159349100102,2015,2016-12-06,2800,22,,0,,0,0
201622169349101412,2015,2016-12-06,2800,22,,0,,2,0
201622249349100007,2015,2016-12-20,2800,21,21,1,2550,0,0
201622249349101212,2015,2016-12-19,2800,31,,0,,1,0
201622359349100402,2015,2017-01-04,2800,20,20,1,3296,0,0
201622379349100112,2015,2017-01-04,2800,110,21,90,2544,0,0
201622439349100402,2015,2017-01-04,2800,19,,0,,0,0
201622749349100607,2015,2017-01-19,2800,77,28,50,3280,0,0
201622789349100702,2015,2017-01-19,2800,25,,0,,0,0
201622859349100212,2015,2017-01-19,2800,113,28,86,2544,1,0
201622999349100602,2015,2017-01-26,2800,25,,0,,1,0
201623019349100312,2015,2017-01-26,2800,17,,0,,0,0
201623029349100002,2015,2017-02-17,2224,17,,0,,0,0
201623049349100252,2015,2017-02-21,2224,19,,0,,0,0
201623059349100102,2015,2017-02-21,2224,209,24,186,2544,0,0
201623069349100317,2015,2017-02-21,2224,22,,0,,0,0
201623089349100002,2015,2017-04-18,2224,31,16,16,2256,0,15
201623089349100912,2015,2017-02-21,2224,16,,0,,0,0
201623139349100122,2015,2017-02-27,2256,39,29,11,2544,0,0
201623139349100427,2015,2017-03-02,2256,84,33,52,2562,0,0
201623149349100117,2015,2017-02-27,2256,26,24,3,2544,0,0
201623149349100202,2015,2017-02-27,2256,32,,0,,0,0
201623159349100877,2015,2017-02-27,2256,18,18,1,2544,0,0
201623169349100147,2015,2017-03-30,2256,39,29,11,2550,0,0
201623169349100927,2015,2017-03-31,2256,48,30,19,2544,0,0
201623169349100967,2015,2017-03-30,2256,27,,0,,1,0
201623169349101107,2015,2017-03-31,2256,40,28,13,2544,1,0
201623199349100917,2015,2017-03-30,2256,21,21,1,2544,0,0
201623199349101022,2015,2017-03-31,2256,16,16,1,2544,0,0
201623199349101547,2015,2017-03-30,2256,26,25,2,2544,0,0
201623199349101912,2015,2017-03-31,2256,77,32,46,2544,0,0
201623199349102207,2015,2017-03-30,2256,21,21,1,2544,0,0
201623199349102312,2015,2017-03-31,2256,23,23,1,2544,0,0
201623199349102557,2015,2017-03-30,2256,45,32,14,2544,0,0
201623199349102582,2015,2017-03-30,2256,29,29,1,2544,3,0
201623199349102617,2015,2017-03-31,2256,45,24,22,2560,0,0
201623209349100812,2015,2017-04-03,2256,19,19,1,2544,0,1
201623209349101202,2015,2017-04-03,2256,68,22,47,2544,0,0
201623209349101337,2015,2017-04-03,2256,34,29,6,2544,0,0
201623209349101797,2015,2017-04-03,2256,32,25,8,2554,0,0
201623209349101962,2015,2017-04-03,2256,20,,0,,0,0
201623209349102002,2015,2017-04-03,2256,23,,0,,0,0
201623209349102347,2015,2017-04-03,2256,51,28,24,2544,0,0
201623209349102712,2015,2017-04-03,2256,78,30,49,2544,1,0
201623209349103102,2015,2017-04-03,2256,41,28,14,2547,0,0
201623209349104072,2015,2017-04-03,2256,19,19,1,2544,0,0
201623209349104142,2015,2017-04-03,2256,24,23,2,2544,0,0
201623209349104267,2015,2017-04-03,2256,23,22,2,2544,0,0
201623209349104447,2015,2017-04-03,2256,22,,0,,0,0
201623369349100502,2015,2017-04-18,2256,34,32,3,2528,1,0
201623429349100502,2015,2017-04-19,2256,18,,0,,0,0
201623479349100412,2015,2017-04-19,2256,27,21,7,2544,0,0
201623489349100307,2015,2017-04-20,2256,25,,0,,2,0
201631389349100603,2015,2016-12-28,2800,24,,0,,0,0
201631409349100408,2015,2016-12-28,2800,30,24,7,2560,0,0
201631619349100203,2015,2016-12-21,2800,26,22,5,2544,1,0
201632039349100708,2015,2016-12-12,2800,19,,0,,0,0
201632109349100303,2015,2016-12-15,2800,16,,0,,0,0
201632119349100703,2015,2016-12-08,2800,30,25,6,2544,1,0
201632159349100323,2015,2016-12-15,2800,26,25,2,3296,0,0
201632169349100913,2015,2016-12-08,2800,19,19,1,2512,0,0
201632179349100013,2015,2016-12-08,2800,28,24,5,2544,0,0
201632219349100413,2015,2016-12-20,2800,18,,0,,0,0
201632229349100118,2015,2016-12-20,2800,20,,0,,0,0
201632259349101118,2015,2016-12-28,2800,33,,0,,1,0
201632359349100353,2015,2017-01-04,2800,32,,0,,1,0
201632359349100358,2015,2017-01-04,2800,28,,0,,1,0
201632569349100053,2015,2017-01-11,2800,19,18,2,10624,0,0
201632569349100418,2015,2017-01-11,2800,27,22,6,2544,0,0
201632579349100503,2015,2017-01-11,2800,20,,0,,0,0
201632609349100003,2015,2017-01-17,2800,28,,0,,0,0
201632809349100608,2015,2017-01-19,2800,37,34,4,3296,1,0
201632889349100518,2015,2017-01-24,2800,48,28,21,2544,0,0
201633019349100308,2015,2017-01-24,2800,49,26,24,2544,0,0
201633059349100503,2015,2017-02-17,2224,29,,0,,0,0
201633059349100618,2015,2017-02-18,2224,22,,0,,0,0
201633089349101008,2015,2017-02-18,2224,20,,0,,0,0
201633129349100233,2015,2017-02-27,2256,31,20,12,2544,0,0
201633139349100013,2015,2017-03-01,2256,41,35,7,2544,3,0
201633139349100618,2015,2017-03-02,2256,44,29,16,2480,0,0
201633149349100228,2015,2017-03-02,2256,24,23,2,2544,0,0
201633159349100433,2015,2017-03-02,2256,73,18,56,3312,0,0
201633159349100528,2015,2017-03-01,2256,19,19,1,2544,0,0
201633159349100638,2015,2017-03-02,2256,29,27,3,2544,0,0
201633159349100808,2015,2017-03-02,2256,26,25,2,2544,0,0
201633159349100933,2015,2017-02-28,2256,22,22,1,2544,0,0
201633169349100123,2015,2017-04-06,2256,17,,0,,0,0
201633169349100848,2015,2017-04-06,2256,27,19,9,2544,0,0
201633169349100928,2015,2017-04-06,2256,54,34,21,2544,2,0
201633169349101058,2015,2017-04-06,2256,22,,0,,0,0
201633199349100248,2015,2017-04-05,2256,29,21,9,2544,0,0
201633199349101043,2015,2017-04-05,2256,30,20,11,2544,0,0
201633199349101108,2015,2017-04-06,2256,26,23,4,2544,0,0
201633199349101308,2015,2017-04-06,2256,24,23,2,2544,0,0
201633199349101338,2015,2017-04-05,2256,27,25,3,2544,0,0
201633199349101378,2015,2017-04-05,2256,22,22,1,2544,0,0
201633199349101848,2015,2017-04-05,2256,22,21,2,2544,2,0
201633199349101913,2015,2017-04-05,2256,48,32,17,2544,0,0
201633199349101943,2015,2017-04-05,2256,33,28,6,2544,0,0
201633199349102238,2015,2017-04-05,2256,30,26,5,2544,0,0
201633199349102423,2015,2017-04-05,2256,37,24,14,2544,0,0
201633209349100948,2015,2017-04-07,2256,24,24,1,2512,0,0
201633209349101618,2015,2017-04-07,2256,31,27,5,3296,0,0
201633369349100503,2015,2017-04-17,2256,26,,0,,0,0
201633379349100203,2015,2017-04-19,2256,27,22,6,2550,0,0
201633429349100303,2015,2017-04-19,2256,70,21,50,2544,0,0
201633489349100308,2015,2017-04-20,2256,31,28,4,2544,0,0
201641349349100509,2015,2017-10-25,2688,25,1,25,2688,0,2
201641349349103224,2015,2016-12-28,2800,31,30,2,2544,1,0
201641379349100804,2015,2016-12-29,2800,23,20,4,2544,0,0
201641589349100304,2015,2016-12-22,2800,26,,0,,1,0
201642159349100124,2015,2016-12-13,2800,30,22,9,2544,0,0
201642169349101304,2015,2016-12-08,2800,23,,0,,0,0
201642229349100704,2015,2016-12-20,2800,19,,0,,0,0
201642249349100619,2015,2017-12-11,1648,15,1,15,1648,0,8
201642259349100249,2015,2016-12-29,2800,20,,0,,0,0
201642259349100744,2015,2017-02-21,2224,53,23,31,3296,0,0
201642279349100204,2015,2016-12-29,2800,23,,0,,1,0
201642399349100004,2015,2017-01-05,2800,22,20,3,2550,0,0
201642569349100119,2015,2017-01-17,2800,17,,0,,0,0
201642599349100539,2015,2017-01-17,2800,31,,0,,1,0
201642669349100004,2015,2017-01-17,2800,25,23,3,2512,0,0
201642669349100404,2015,2017-01-17,2800,20,,0,,0,0
201642789349100309,2015,2017-01-19,2800,32,27,6,2544,0,0
201642929349100654,2015,2017-01-25,2800,23,15,9,2100,0,8
201643029349100509,2015,2017-02-17,2224,24,22,3,2544,0,0
201643059349100174,2015,2017-02-21,2224,21,,0,,0,0
201643069349100424,2015,2017-02-21,2224,24,,0,,0,0
201643069349100729,2015,2017-02-18,2224,21,,0,,0,0
201643079349100639,2015,2017-02-21,2224,23,,0,,0,0
201643079349100819,2015,2017-02-17,2224,18,,0,,0,0
201643089349100309,2015,2017-02-21,2224,34,,0,,0,0
201643089349100324,2015,2017-02-17,2224,42,24,19,2544,0,0
201643089349100609,2015,2017-02-18,2224,25,20,6,2544,0,0
201643089349100809,2015,2017-02-17,2224,20,18,3,2544,0,0
201643139349100769,2015,2017-03-02,2256,21,21,1,2544,0,0
201643149349100819,2015,2017-03-01,2256,34,30,5,2544,1,0
201643159349100764,2015,2017-03-02,2256,21,18,4,2544,0,0
201643169349100704,2015,2017-04-11,2256,23,22,2,2544,0,0
201643169349100734,2015,2017-04-11,2256,96,33,64,2550,0,0
201643169349100849,2015,2017-04-11,2256,404,25,380,2549,0,0
201643169349101009,2015,2017-04-11,2256,27,23,5,2550,0,0
201643199349100519,2015,2017-04-11,2256,17,17,1,2512,0,0
201643199349101124,2015,2017-04-11,2256,22,,0,,0,0
201643199349101724,2015,2017-04-11,2256,37,25,13,2544,0,0
201643199349101749,2015,2017-04-11,2256,19,19,1,2496,0,0
201643209349100224,2015,2017-04-12,2256,26,,0,,0,0
201643209349101144,2015,2017-04-14,2256,23,21,3,2544,0,0
201643209349101584,2015,2017-04-12,2256,28,28,1,2544,0,0
201643209349101964,2015,2017-04-12,2256,23,,0,,0,0
201643209349102509,2015,2017-04-12,2256,46,34,13,2544,3,0
201643209349102689,2015,2017-04-12,2256,20,20,1,2544,0,0
201643209349102904,2015,2017-04-12,2256,26,22,5,2512,1,0
201643209349104009,2015,2017-04-12,2256,39,27,13,2544,0,0
201643209349104284,2015,2017-04-14,2256,24,,0,,1,0
201643489349100414,2015,2017-04-20,2256,68,23,46,2528,0,0
201643519349100504,2015,2017-04-20,2256,21,18,4,2544,0,0
201700149349100500,2015,2017-07-06,2256,19,,0,,0,0
201700169349100000,2015,2017-07-06,2256,27,24,4,2544,0,0
201700209349100000,2015,2017-07-12,2256,22,19,4,2544,0,0
201700209349100200,2015,2017-07-12,2256,24,24,1,2544,0,0
201700349349100205,2015,2017-07-18,2256,27,26,2,2560,0,0
201700399349100605,2015,2017-07-24,2256,34,31,4,3296,0,0
201700419349100115,2015,2017-07-20,2256,21,20,2,2544,0,0
201700419349100700,2015,2017-07-21,2256,23,,0,,0,0
201700449349100405,2015,2017-07-28,2256,31,23,9,3392,0,0
201700529349100100,2016,2017-08-07,2240,21,21,1,2544,0,0
201700619349100400,2016,2017-08-09,2240,29,21,9,2550,0,0
201700629349100710,2016,2017-08-09,2240,17,17,1,2544,0,0
201700669349100415,2015,2017-08-09,2256,17,17,1,2544,0,0
201700759349100800,2016,2017-08-10,2240,20,20,1,2544,0,0
201700809349100100,2015,2017-08-11,2256,24,21,4,2544,0,0
201700829349100000,2015,2017-08-11,2256,36,22,15,2544,0,0
201700889349100115,2016,2017-08-17,2240,24,,0,,0,0
201701169349100205,2015,2017-08-29,2256,31,29,3,2544,0,0
201701259349100200,2015,2017-09-05,2256,34,29,6,2550,2,0
201701289349100140,2016,2017-09-05,2240,33,23,11,2528,0,0
201701299349100445,2016,2017-09-08,2240,26,24,3,2464,0,0
201701299349102005,2016,2017-09-08,2240,39,23,17,2560,0,0
201701329349102055,2016,2017-09-28,2240,24,22,3,2544,0,0
201701359349100340,2016,2017-10-02,2240,36,26,11,2512,0,0
201701359349101355,2016,2017-10-03,2240,28,26,3,2544,0,0
201701359349102250,2016,2017-10-04,2240,26,26,1,2544,0,0
201701359349104765,2016,2017-10-02,2240,30,26,5,2528,0,0
201701389349100715,2016,2017-10-03,2240,20,20,1,3104,0,0
201701569349100410,2016,2017-09-12,2240,43,29,15,2560,2,0
201701609349100600,2015,2017-09-14,2432,44,29,16,2550,1,0
201701639349100160,2016,2017-09-13,2240,43,29,15,2480,2,0
201701779349100105,2016,2017-10-17,2240,24,24,1,2544,0,0
201701809349100000,2015,2017-10-18,2432,32,23,10,2544,0,0
201701849349100600,2016,2017-10-20,2240,29,24,6,2544,0,0
201701919349100115,2015,2017-10-16,2432,22,22,1,2544,0,0
201701929349100500,2016,2017-10-13,2240,106,22,85,2550,0,0
201701959349100105,2015,2017-10-17,2432,20,,0,,0,0
201702009349100410,2016,2017-10-17,2240,25,22,4,2544,0,0
201702019349100200,2016,2017-10-26,2240,25,18,8,2544,0,0
201702059349100610,2016,2017-10-26,2240,27,24,4,2544,0,0
201702079349100200,2016,2017-10-17,2240,21,21,1,2544,0,0
201702149349100115,2015,2017-10-25,2432,24,,0,,0,0
201702279349100410,2015,2017-10-26,2432,18,18,1,2544,0,0
201702299349100215,2016,2017-10-27,2240,53,24,30,2544,0,0
201702309349100805,2015,2017-10-17,2432,26,22,5,2544,0,0
201702429349100100,2016,2017-10-11,2240,22,17,6,2560,0,0
201702499349100115,2016,2017-10-16,2240,21,,0,,0,0
201702529349100300,2016,2017-11-08,2240,28,27,2,2544,2,0
201702539349100000,2015,2017-12-06,2432,19,,0,,0,0
201702579349100025,2015,2017-12-01,2432,21,,0,,0,0
201702659349100005,2016,2017-11-06,2240,20,20,1,2544,0,0
201702689349100300,2015,2017-11-09,2432,25,20,6,2544,0,0
201702719349100310,2015,2017-11-09,2432,34,,0,,7,0
201702849349100615,2015,2017-12-06,2432,19,19,1,2544,0,0
201702899349100215,2016,2017-11-30,2240,20,20,1,2544,0,0
201702969349100010,2015,2017-11-29,2432,25,,0,,0,0
201702989349100605,2016,2017-12-01,2240,27,24,4,2544,0,0
201703039349100610,2015,2018-01-31,2432,20,,0,,0,0
201703059349100205,2015,2017-12-22,2432,19,,0,,0,0
201703079349100215,2016,2018-01-18,2240,36,24,13,2544,0,0
201703139349101470,2015,2018-01-26,2432,21,,0,,0,0
201703179349100705,2016,2018-01-08,2240,21,,0,,0,0
201703179349101100,2016,2018-01-08,2240,20,,0,,0,0
201703189349101570,2016,2018-01-10,2240,26,,0,,0,0
201703199349100205,2016,2018-01-13,2240,29,28,2,2544,0,0
201703199349102810,2016,2018-01-12,2240,21,21,1,2544,0,0
201703199349104780,2016,2018-01-10,2240,34,25,10,2512,0,0
201703319349100100,2016,2018-01-16,2240,19,18,2,2512,0,0
201703359349100500,2016,2018-01-08,2240,24,,0,,0,0
201710309349100551,2015,2017-07-20,2256,85,34,52,2544,0,0
201710449349100106,2015,2017-08-01,2256,42,21,22,2544,0,0
201710449349100521,2015,2017-08-01,2256,82,27,56,2544,0,0
201710459349100501,2015,2017-07-25,2256,32,28,5,2544,1,0
201710459349100516,2015,2017-08-01,2256,21,,0,,0,0
201710469349100311,2015,2017-07-25,2256,28,26,3,2544,0,0
201710469349100606,2015,2017-08-01,2256,21,21,1,2544,0,0
201710589349100001,2016,2017-08-08,2240,20,20,1,2464,0,0
201710679349100511,2015,2017-08-10,2256,25,,0,,0,0
201710769349100001,2015,2017-08-15,2256,165,33,133,2544,1,0
201710969349100416,2015,2017-08-17,2256,21,17,5,2544,0,0
201711159349100416,2016,2017-08-30,2240,30,25,6,2560,1,0
201711239349100221,2016,2017-10-19,2240,14,14,1,2496,0,0
201711289349101461,2015,2017-10-26,2256,29,28,2,2544,0,0
201711299349100816,2016,2017-10-26,2240,22,21,2,2560,0,0
201711299349101571,2015,2017-10-26,2256,26,24,3,2544,0,0
201711299349101806,2016,2017-11-22,2240,28,,0,,1,0
201711309349101931,2016,2017-11-06,2240,18,,0,,0,0
201711359349101716,2016,2017-09-29,2240,21,,0,,1,0
201711359349102331,2016,2017-09-28,2240,33,26,8,2528,0,0
201711359349103746,2016,2017-09-28,2240,29,23,7,2542,0,0
201711519349100701,2016,2017-09-13,2240,19,18,2,2550,0,0
201711609349100601,2016,2017-09-13,2240,27,22,6,2144,0,0
201711639349100406,2015,2017-09-15,2432,17,,0,,0,0
201711649349100701,2015,2017-09-13,2432,22,,0,,0,0
201711879349100801,2016,2017-10-16,2240,29,27,3,2544,0,0
201711889349100401,2015,2017-10-25,2432,21,20,2,2544,0,0
201711929349100011,2015,2017-10-13,2432,63,29,35,2544,0,0
201711959349100706,2016,2017-10-13,2240,22,19,4,2528,0,0
201711989349100816,2015,2017-10-16,2432,34,25,10,2544,1,0
201712019349100201,2015,2017-10-13,2432,29,,0,,1,0
201712059349100511,2016,2017-10-26,2240,21,20,2,2528,0,0
201712169349100201,2016,2017-10-17,2240,23,22,2,2544,0,0
201712219349100421,2015,2017-10-17,2432,245,26,220,2544,0,0
201712239349100401,2016,2017-10-17,2240,31,27,5,2544,0,0
201712279349100226,2016,2017-10-17,2240,23,20,4,2528,0,0
201712279349100741,2015,2017-10-19,2432,23,20,4,2700,1,0
201712309349100311,2015,2017-11-03,2432,57,24,34,2544,0,0
201712379349100521,2016,2017-11-07,2240,26,24,3,2544,0,0
201712409349100701,2016,2017-11-08,2240,27,20,8,2544,0,0
201712419349100506,2015,2017-11-07,2432,20,,0,,0,0
201712419349100756,2015,2017-11-08,2432,24,20,5,2541,0,0
201712529349100301,2016,2017-11-03,2240,45,23,23,2544,0,0
201712579349100201,2015,2017-11-07,2432,18,,0,,0,0
201712589349100101,2016,2017-11-16,2240,42,24,19,2544,0,0
201712589349100326,2016,2017-11-16,2240,28,28,1,2496,0,0
201712759349100406,2015,2017-11-20,2432,19,,0,,0,0
201712799349100111,2015,2017-11-21,2432,43,32,12,2544,0,0
201712899349100421,2015,2017-12-01,2432,25,,0,,0,0
201712899349101001,2015,2017-12-01,2432,17,,0,,0,0
201712939349100601,2015,2017-12-07,2432,28,,0,,0,0
201713039349100701,2016,2017-12-22,2240,29,25,5,2512,0,0
201713069349101136,2016,2017-12-21,2240,21,20,2,2496,0,0
201713129349100621,2015,2018-01-31,2432,37,,0,,5,0
201713139349100346,2016,2018-01-31,2240,23,,0,,0,0
201713139349100411,2016,2018-01-31,2240,32,,0,,1,0
201713179349101021,2016,2018-01-03,2240,31,31,1,2544,0,0
201713189349100961,2016,2018-01-05,2240,21,,0,,0,0
201713189349102826,2016,2018-01-05,2240,33,,0,,1,0
201713199349101136,2016,2018-01-04,2240,21,,0,,0,0
201713199349103806,2016,2018-01-02,2240,28,22,7,3296,0,0
201720069349100152,2015,2017-07-06,2256,66,22,45,2550,0,0
201720419349100412,2015,2017-07-27,2256,34,23,12,2544,0,0
201720469349100507,2015,2017-07-27,2256,31,27,5,2544,0,0
201720469349100612,2015,2017-08-03,2256,29,25,5,2544,0,0
201720679349100107,2015,2017-08-09,2256,27,27,1,2544,0,0
201720739349100412,2016,2017-08-14,2240,26,23,4,2544,0,0
201720829349100702,2015,2017-08-15,2256,20,20,1,2544,0,0
201720849349100002,2016,2017-08-14,2240,18,18,1,2464,0,0
201720949349100772,2015,2017-08-18,2256,25,25,1,2544,0,0
201721059349100307,2015,2017-08-25,2256,40,22,19,2480,0,0
201721079349100007,2016,2017-08-24,2240,34,27,8,2544,0,0
201721099349100407,2015,2017-08-25,2256,25,24,2,2550,0,0
201721179349100112,2016,2017-08-30,2240,28,24,5,3248,3,0
201721299349100812,2016,2017-10-12,2240,19,18,2,2544,0,0
201721299349101692,2016,2017-10-04,2240,35,22,14,2544,0,0
201721319349102487,2016,2017-10-12,2240,38,20,19,2550,0,0
201721329349102817,2015,2017-09-27,2256,16,16,1,2544,0,0
201721329349103027,2016,2017-09-27,2240,35,29,7,2544,0,0
201721359349101927,2016,2017-09-26,2240,31,30,2,2544,3,0
201721379349100012,2016,2017-09-22,2240,37,26,12,2544,0,0
201721509349100372,2016,2017-09-14,2240,28,26,3,3616,0,0
201721569349100357,2015,2017-09-15,2432,48,24,25,3296,0,0
201721579349100212,2016,2017-09-12,2240,37,35,3,2544,2,0
201721639349100627,2015,2017-09-14,2432,29,24,6,2464,0,0
201721649349100702,2015,2017-09-12,2432,21,,0,,0,0
201721649349100817,2016,2017-09-15,2240,49,34,16,2544,0,0
201721659349100607,2015,2017-09-14,2432,24,21,4,2544,0,0
201721709349100502,2016,2018-02-01,2240,33,32,2,2544,0,0
201721819349100212,2016,2017-10-16,2240,40,31,10,2538,0,0
201721929349100752,2015,2017-10-17,2432,54,34,21,2544,2,0
201721949349100502,2015,2017-10-10,2432,89,30,60,2544,0,0
201722009349100307,2015,2017-10-11,2432,52,27,26,2544,0,0
201722059349100217,2016,2017-10-26,2240,22,,0,,0,0
201722139349100212,2015,2017-10-27,2432,29,,0,,1,0
201722269349100547,2016,2017-10-16,2240,85,28,58,2544,0,0
201722349349100607,2015,2017-10-26,2432,30,26,5,2544,1,0
201722419349100002,2016,2017-10-11,2240,24,23,2,2544,0,0
201722439349100707,2016,2017-11-08,2240,32,29,4,2528,2,0
201722439349101102,2015,2017-11-07,2432,19,,0,,0,0
201722579349100522,2015,2017-11-09,2432,24,22,3,2544,0,0
201722619349100307,2016,2017-11-14,2240,24,22,3,2544,0,0
201722649349100602,2015,2017-11-08,2432,22,21,2,2544,0,0
201722659349100507,2015,2017-12-04,2432,23,,0,,1,0
201722769349100782,2015,2017-11-20,2432,19,,0,,0,0
201722839349100012,2015,2017-11-17,2432,23,23,1,2544,0,0
201722859349100402,2015,2017-11-29,2432,28,27,2,2544,0,0
201722899349100032,2015,2017-11-27,2432,19,19,1,2544,0,0
201722899349100242,2015,2017-11-27,2432,22,22,1,2544,0,0
201722969349100102,2015,2017-11-30,2432,18,,0,,0,0
201722979349100512,2016,2017-12-01,2240,26,24,3,2544,0,0
201723059349100507,2016,2017-12-21,2240,51,24,28,2496,0,28
201723119349100702,2016,2018-02-01,2240,26,,0,,0,0
201723129349101142,2016,2017-12-27,2240,159,34,126,2544,0,0
201723139349101317,2016,2017-12-27,2240,34,23,12,2544,0,0
201723149349100847,2016,2018-01-10,2240,31,28,4,2672,4,0
201723189349102632,2016,2017-12-27,2240,29,,0,,0,0
201723189349102807,2016,2017-12-27,2240,46,28,19,2544,0,0
201723189349102812,2016,2017-12-27,2240,33,28,6,2544,0,0
201730129349100003,2015,2017-06-30,2256,22,,0,,0,0
201730389349100308,2015,2017-07-20,2256,21,17,5,2544,0,0
201730419349100013,2015,2017-07-27,2256,21,20,2,2544,0,0
201730419349100718,2015,2017-08-03,2256,23,,0,,0,0
201730449349100208,2015,2017-07-27,2256,63,21,43,2544,0,0
201730469349100223,2015,2017-08-04,2256,19,,0,,0,0
201730599349100308,2015,2017-08-08,2256,27,21,7,3296,0,0
201730739349100753,2016,2017-08-10,2240,29,23,7,2544,0,0
201731009349100208,2016,2017-08-23,2240,21,21,1,2560,0,0
201731029349100813,2016,2017-08-23,2240,19,,0,,0,0
201731289349100438,2015,2017-10-06,2256,20,20,1,2544,0,0
201731289349100703,2016,2017-10-06,2240,23,22,2,3440,0,0
201731299349100208,2016,2017-10-10,2240,50,26,25,2544,0,0
201731299349100238,2016,2017-10-06,2240,34,25,10,2544,0,0
201731299349101413,2016,2017-10-06,2240,39,28,12,2496,0,0
201731309349100048,2016,2017-10-06,2240,29,27,3,2688,1,0
201731309349100408,2016,2017-10-06,2240,97,24,74,2544,0,0
201731309349102228,2016,2017-10-04,2240,26,26,1,2592,0,0
201731319349101568,2016,2017-10-04,2240,24,19,6,2544,0,0
201731319349101868,2016,2017-10-04,2240,36,29,8,2528,0,0
201731329349100143,2016,2017-09-22,2240,18,18,1,2560,0,0
201731329349101143,2016,2017-09-20,2240,36,21,16,2544,0,0
201731329349101183,2016,2017-09-22,2240,39,32,8,2544,1,0
201731329349102083,2016,2017-09-22,2240,19,,0,,0,0
201731329349102173,2016,2017-09-20,2240,28,26,3,3296,0,0
201731329349102288,2016,2017-09-20,2240,51,23,29,2544,0,0
201731359349102153,2016,2017-09-25,2240,31,26,6,2560,0,0
201731359349102268,2016,2017-09-25,2240,26,20,7,2544,0,0
201731359349103713,2016,2017-09-25,2240,33,26,8,2544,1,0
201731439349100608,2016,2017-09-12,2240,25,24,2,3296,0,0
201731599349100758,2015,2017-09-13,2432,26,24,3,2544,0,0
201731679349100203,2015,2017-09-12,2432,56,36,21,2528,3,0
201731679349100403,2015,2018-02-05,2432,23,21,3,2544,0,0
201731679349100503,2016,2017-09-12,2240,22,22,1,2544,0,0
201731809349100103,2016,2017-10-26,2240,22,21,2,2528,0,0
201731849349100003,2016,2017-10-17,2240,34,24,11,2544,0,0
201731919349100103,2016,2017-10-19,2240,22,22,1,2544,0,0
201732199349100058,2016,2017-10-13,2240,23,18,6,2464,0,0
201732219349100113,2015,2017-10-25,2432,26,,0,,0,0
201732279349100218,2015,2017-10-13,2432,23,19,5,2544,0,0
201732409349100308,2015,2017-11-07,2432,16,,0,,0,0
201732579349100103,2015,2017-11-14,2432,19,,0,,0,0
201732589349100508,2015,2017-11-07,2432,18,17,2,2544,0,0
201732759349100513,2015,2017-11-20,2432,23,,0,,0,0
201732799349100418,2016,2017-11-21,2240,24,23,2,3296,0,0
201732889349100403,2015,2018-02-01,2432,29,,0,,0,0
201732899349100118,2015,2017-12-04,2432,19,,0,,0,0
201732899349100248,2015,2017-11-30,2432,21,,0,,0,0
201732999349100708,2016,2017-12-01,2240,29,24,6,2544,0,0
201733049349100023,2016,2017-12-21,2240,22,22,1,2544,0,0
201733129349100703,2016,2017-12-28,2240,21,21,1,2528,0,0
201733129349101133,2016,2017-12-28,2240,32,26,7,2544,0,0
201733179349102238,2016,2018-01-09,2240,20,,0,,0,0
201733189349100943,2016,2018-01-10,2240,32,,0,,1,0
201733199349104483,2016,2018-01-11,2240,23,,0,,0,0
201740179349100754,2015,2017-07-13,2256,26,,0,,0,0
201740189349100604,2015,2017-07-12,2256,44,22,23,2560,0,0
201740339349100404,2015,2017-07-24,2256,36,21,16,2544,0,0
201740459349100204,2015,2017-08-04,2256,22,,0,,0,0
201740469349100009,2015,2017-08-04,2256,27,25,3,2544,0,0
201740469349100724,2015,2017-08-01,2256,26,21,6,2544,1,0
201740619349100214,2015,2017-08-09,2256,216,32,185,2544,0,0
201740769349100704,2016,2017-08-11,2240,24,22,3,2528,0,0
201741299349100814,2016,2017-10-04,2240,25,19,7,2464,0,0
201741299349101249,2016,2017-10-04,2240,22,21,2,2544,0,0
201741309349101899,2016,2017-10-04,2240,22,20,3,2544,0,0
201741309349102174,2016,2017-10-04,2240,28,24,5,2512,0,0
201741319349100839,2016,2017-10-04,2240,31,25,7,2512,0,0
201741329349101474,2016,2017-09-20,2240,34,29,6,2544,1,0
201741329349101734,2015,2017-09-20,2256,21,20,2,2544,0,0
201741359349101644,2016,2017-09-15,2240,24,23,2,2544,0,0
201741359349102109,2016,2017-09-21,2240,30,22,9,2544,0,0
201741359349103759,2016,2017-09-21,2240,22,19,4,2848,0,0
201741359349104254,2016,2017-09-21,2240,33,25,9,2544,0,8
201741359349104959,2016,2017-09-21,2240,22,20,3,2528,0,0
201741369349100819,2016,2017-09-15,2240,28,26,3,2528,0,0
201741379349100114,2016,2017-09-15,2240,45,26,20,2544,0,0
201741609349100404,2015,2017-09-12,2432,13,,0,,0,0
201741639349100059,2016,2017-09-14,2240,18,17,2,2528,0,0
201741649349100814,2015,2017-09-19,2432,19,19,1,2544,0,0
201741659349100519,2015,2017-09-12,2432,58,29,30,2544,0,0
201741669349100109,2015,2017-09-14,2432,23,21,3,2544,0,0
201741739349100309,2016,2017-09-14,2240,23,23,1,2528,0,0
201742019349100404,2015,2017-10-17,2432,21,21,1,2544,0,0
201742129349100414,2016,2017-10-23,2240,29,23,7,2544,0,0
201742149349100709,2015,2017-10-27,2432,26,24,3,2480,1,0
201742229349100724,2016,2017-10-17,2240,29,27,3,2496,0,0
201742279349100624,2015,2017-11-07,2432,20,20,1,2544,0,0
201742289349100104,2016,2017-11-07,2240,27,22,6,2544,0,0
201742299349100409,2016,2017-11-07,2240,28,24,5,2544,0,0
201742359349100009,2016,2017-11-03,2240,22,19,4,2528,0,0
201742579349100214,2015,2017-11-07,2432,105,27,79,2544,1,0
201742579349100304,2015,2017-11-08,2432,23,,0,,0,0
201742659349100204,2016,2017-11-09,2240,37,,0,,1,0
201742709349100204,2016,2017-11-09,2240,21,21,1,2544,0,0
201742829349100409,2016,2017-11-30,2240,71,29,43,2550,0,0
201742899349100709,2015,2017-11-29,2432,27,,0,,0,0
201743109349100004,2016,2017-12-27,2240,25,25,1,2544,0,0
201743129349101169,2016,2018-01-31,2240,26,19,8,2544,0,0
201743149349100439,2016,2018-01-03,2240,26,,0,,1,0
201743179349101954,2016,2017-12-29,2240,25,24,2,10672,0,0
201743179349102454,2016,2018-01-03,2240,36,19,18,2544,0,0
201743189349100839,2015,2018-01-11,2432,31,31,1,2544,0,0
201743189349101009,2015,2018-01-11,2432,51,41,11,2544,3,0
201743189349101849,2016,2018-01-25,2240,27,27,1,2544,0,0
201743199349101119,2015,2018-01-25,2432,20,,0,,1,0
201743199349102774,2015,2018-01-11,2432,23,,0,,0,0
201743199349104074,2016,2018-01-25,2240,23,,0,,0,0
201743409349100114,2016,2018-01-16,2240,19,19,1,2550,0,0
201743419349100004,2016,2018-01-16,2240,27,,0,,1,0
201743539349100404,2015,2018-02-14,2432,19,,0,,0,0
201800649349100110,2017,2018-08-07,2240,18,,0,,0,0
201800729349100800,2016,2018-04-03,2240,21,,0,,0,0
201800889349101025,2017,2018-08-17,2240,26,25,2,2544,0,0
201801349349102985,2017,2018-06-20,2240,26,24,3,2544,0,0
201801349349103175,2017,2018-06-20,2240,26,25,2,2544,0,0
201801429349100110,2017,2018-09-13,2240,22,,0,,0,0
201801619349100150,2017,2018-09-12,2240,24,,0,,0,0
201801939349100615,2017,2018-09-24,2240,28,,0,,0,0
201802229349100415,2017,2018-10-12,2240,27,19,9,2544,0,0
201802259349100755,2017,2018-10-12,2240,37,35,3,2544,0,0
201802289349100105,2017,2018-10-12,2240,19,,0,,0,0
201803099349100245,2017,2018-12-10,2240,25,23,3,2544,0,0
201803109349100425,2017,2018-12-03,2240,27,,0,,0,0
201803129349100890,2017,2018-12-03,2240,26,,0,,0,0
201803139349100005,2017,2019-02-05,2240,19,,0,,0,0
201803139349100020,2017,2019-02-05,2240,25,22,4,2544,0,0
201803139349100310,2017,2019-02-05,2240,34,,0,,1,0
201803169349101045,2017,2019-02-06,2240,28,27,2,2544,0,0
201803189349100440,2017,2019-01-29,2240,28,28,1,2544,0,0
201803189349101170,2017,2019-02-08,2240,16,16,1,2544,0,0
201803189349101475,2017,2019-02-08,2240,22,,0,,0,0
201803189349102240,2017,2019-02-09,2240,33,26,8,2496,0,0
201803189349102875,2017,2019-01-29,2240,29,27,3,2544,0,0
201803189349103195,2017,2019-02-08,2240,22,,0,,0,0
201803199349100840,2017,2019-02-04,2240,23,22,2,2544,0,0
201803199349103185,2017,2019-02-02,2240,22,,0,,0,0
201803199349103890,2017,2019-02-04,2240,24,,0,,0,0
201803199349104360,2017,2019-02-09,2240,21,,0,,0,0
201803199349105310,2017,2019-02-09,2240,23,,0,,0,0
201803199349105535,2017,2019-02-09,2240,20,,0,,0,0
201803269349100200,2017,2019-01-28,2240,24,,0,,0,0
201803459349100305,2017,2019-03-04,2240,35,35,1,2544,0,0
201803489349100100,2017,2019-03-08,2240,17,16,2,2544,0,0
201803489349100505,2017,2019-03-08,2240,33,,0,,3,0
201810129349100701,2016,2018-03-06,2240,37,25,13,2544,0,2
201810229349100451,2016,2018-03-21,2240,25,24,2,2544,0,0
201810469349100306,2016,2018-03-06,2240,24,,0,,0,0
201810699349100006,2016,2018-04-03,2240,22,17,6,2544,0,0
201810729349100516,2016,2018-04-03,2240,31,,0,,7,0
201811149349100121,2016,2018-05-16,2240,32,24,9,2544,1,0
201811159349100546,2017,2018-08-22,2240,28,22,7,2544,0,0
201811159349100701,2017,2018-08-22,2240,24,17,8,2544,0,0
201811309349101956,2017,2018-09-07,2240,20,,0,,0,0
201811319349101606,2017,2018-09-06,2240,20,,0,,0,0
201811319349101911,2017,2018-09-07,2240,24,24,1,2544,0,0
201811349349101786,2017,2018-10-18,2240,23,,0,,0,0
201811349349102806,2017,2018-10-23,2240,16,16,1,2544,0,0
201811359349101066,2016,2018-10-18,2240,24,,0,,0,0
201811359349102416,2017,2018-10-18,2240,20,20,1,2544,0,0
201811359349103076,2017,2018-10-22,2240,26,,0,,0,0
201811499349100251,2017,2018-09-06,2240,20,20,1,2576,0,0
201811709349100006,2017,2018-09-18,2240,21,,0,,0,0
201811779349100506,2017,2018-09-17,2240,17,,0,,0,0
201811929349100116,2017,2018-09-24,2240,25,,0,,0,0
201811949349100206,2016,2018-10-02,2240,23,21,3,2544,0,0
201812419349100601,2017,2018-10-29,2240,33,,0,,0,0
201813099349100851,2017,2018-12-13,2240,22,,0,,0,0
201813109349100111,2017,2018-12-13,2240,51,32,20,2544,2,0
201813119349100941,2017,2018-12-03,2240,25,25,1,2544,0,0
201813129349100121,2017,2018-12-19,2240,18,,0,,0,0
201813159349100301,2017,2018-12-18,2240,19,,0,,0,0
201813169349100981,2017,2019-01-30,2240,25,,0,,0,0
201813169349102051,2017,2018-12-19,2240,32,30,3,2544,1,0
201813179349100306,2017,2019-03-04,2240,32,27,6,2550,0,0
201813179349101056,2017,2019-03-02,2240,85,36,50,2544,2,0
201813179349101081,2017,2019-03-02,2240,25,23,3,4176,0,0
201813199349102456,2017,2019-02-09,2240,20,,0,,0,0
201813199349103941,2017,2019-02-19,2240,35,34,2,2544,0,0
201813209349100401,2017,2019-01-28,2240,36,29,8,2550,1,0
201820259349100702,2016,2018-03-15,2240,22,,0,,0,0
201820399349100412,2016,2018-03-02,2240,32,30,3,3296,1,0
201820689349100112,2016,2018-04-03,2240,49,32,18,2544,1,0
201821149349100002,2017,2018-08-07,2240,20,20,1,2544,0,0
201821279349100937,2017,2018-08-21,2240,35,21,15,2528,0,0
201821349349102352,2017,2018-05-31,2240,50,30,21,2544,0,0
201821349349102532,2017,2018-06-19,2240,16,16,1,2544,0,0
201821419349100002,2017,2018-09-08,2240,47,27,21,2544,0,0
201821569349100602,2017,2018-10-31,2240,20,,0,,0,0
201821949349100702,2017,2018-09-28,2240,25,,0,,0,0
201821979349100217,2016,2018-09-28,2240,67,29,39,2544,0,0
201822139349100802,2017,2018-09-25,2240,19,,0,,0,0
201823039349100827,2017,2018-12-20,2240,25,,0,,0,0
201823099349100642,2017,2018-12-04,2240,28,,0,,0,0
201823119349100882,2017,2018-12-10,2240,22,,0,,0,0
201823179349100127,2017,2019-02-23,2240,50,47,4,2544,13,0
201823179349100997,2017,2019-02-19,2240,29,28,2,2544,0,0
201823189349102262,2017,2019-03-07,2240,60,24,37,2544,0,0
201823189349103117,2017,2019-03-07,2240,23,,0,,0,0
201823199349102332,2017,2019-01-28,2240,32,25,8,3296,0,0
201823199349102672,2017,2019-01-28,2240,21,21,1,2544,0,0
201823199349104787,2017,2019-01-28,2240,20,19,2,2544,0,2
201823199349104987,2017,2019-01-28,2240,26,,0,,0,0
201823209349100002,2017,2019-03-01,2240,21,,0,,0,0
201823379349100057,2017,2019-03-06,2240,21,19,3,2528,0,0
201823419349100107,2017,2019-03-04,2240,22,22,1,2544,0,0
201823519349100007,2017,2019-03-08,2240,22,,0,,0,0
201830169349100108,2016,2018-03-06,2240,19,,0,,0,0
201830229349100108,2016,2018-03-21,2240,28,,0,,0,0
201830389349100113,2016,2018-03-06,2240,46,35,12,3296,1,0
201830459349100308,2016,2018-03-06,2240,18,,0,,0,0
201831049349100408,2016,2018-05-04,2240,32,,0,,1,0
201831309349100218,2017,2018-09-04,2240,24,,0,,0,0
201831309349101873,2017,2018-08-29,2240,27,,0,,0,0
201831319349101248,2017,2018-09-28,2240,30,27,4,2544,0,0
201831349349102483,2017,2018-09-28,2240,24,23,2,2688,0,0
201831349349104103,2017,2018-10-12,2240,26,,0,,2,0
201831349349104253,2017,2018-10-12,2240,18,,0,,0,0
201831359349102748,2017,2018-10-02,2240,22,22,1,2544,0,0
201831439349100203,2015,2018-09-07,2432,21,,0,,0,0
201831849349100403,2017,2018-09-25,2240,34,34,1,2544,2,0
201831989349100113,2017,2018-10-03,2240,17,,0,,0,0
201832009349100403,2017,2018-10-03,2240,26,,0,,0,0
201832159349100508,2017,2018-10-11,2240,20,20,1,2546,0,0
201832279349100023,2016,2018-10-23,2240,23,,0,,0,0
201833049349100608,2017,2018-12-19,2240,22,,0,,0,0
201833129349100998,2017,2018-12-18,2240,18,,0,,0,0
201833169349101218,2017,2019-02-09,2240,27,24,4,2464,0,0
201833179349101408,2017,2019-02-02,2240,24,23,2,2550,0,0
201833179349101553,2017,2019-02-02,2240,22,22,1,2544,0,0
201833189349101603,2017,2019-02-09,2240,26,24,3,2544,0,0
201833199349102433,2017,2019-01-29,2240,25,,0,,0,0
201833199349103163,2017,2018-12-18,2240,21,19,3,2544,0,0
201833199349103743,2017,2018-12-18,2240,26,26,1,2544,0,0
201840299349100559,2016,2018-03-06,2240,27,21,7,2528,0,0
201840459349100109,2016,2018-03-15,2240,20,,0,,0,0
201840519349100004,2016,2018-03-28,2240,43,35,9,2544,0,0
201841079349100004,2016,2018-05-04,2240,36,23,14,2544,1,0
201841179349100004,2017,2018-08-09,2240,24,24,1,2512,0,0
201841239349100904,2017,2018-08-09,2240,23,,0,,0,0
201841279349100774,2016,2018-09-04,2240,25,25,1,3296,0,0
201841319349100229,2017,2018-10-18,2240,24,,0,,0,0
201841629349100339,2017,2018-09-12,2240,19,18,2,2544,0,0
201841799349100114,2017,2018-09-22,2240,36,31,6,2544,1,0
201842419349100209,2017,2018-10-26,2240,22,21,2,3296,0,1
201842619349100304,2017,2018-10-31,2608,21,1,21,2608,0,1
201843059349100039,2017,2018-11-28,2240,57,32,26,2544,1,0
201843129349100894,2017,2018-12-20,2240,24,24,1,2544,0,0
201843179349100019,2017,2019-02-13,2240,21,21,1,2560,0,0
201843179349101044,2017,2019-02-09,2240,27,20,8,2544,0,0
201843179349101084,2017,2019-02-09,2240,31,,0,,0,0
201843189349102699,2017,2019-02-11,2240,29,29,1,2544,0,0
201843199349100829,2017,2019-02-21,2240,22,,0,,0,0
201843199349102824,2017,2019-02-20,2240,22,,0,,1,0
201843199349104959,2017,2019-02-19,2240,22,19,4,2544,0,4
201843199349105324,2017,2019-02-19,2240,32,,0,,1,0
201900089349100000,2017,2019-05-06,2240,31,,0,,1,0
201900169349100300,2017,2019-04-29,2240,28,,0,,0,0
201900249349100300,2017,2019-04-08,2240,30,30,1,2544,0,0
201900459349100525,2017,2019-04-20,2240,23,22,2,2544,0,0
201901299349100120,2018,2019-06-07,2240,23,,0,,0,0
201901309349102135,2018,2020-01-03,2240,32,26,7,2544,0,1
201901309349102830,2018,2019-11-15,2240,24,24,1,3296,0,0
201901359349100035,2018,2019-08-23,2240,25,,0,,0,0
201901359349100545,2018,2019-08-23,2240,20,20,1,3856,0,0
201901389349100100,2018,2019-08-30,2240,26,23,4,2544,0,0
201901429349100820,2018,2019-08-13,2240,27,25,3,2544,0,0
201901719349100105,2018,2019-09-09,2240,18,18,1,2547,0,0
201901889349100000,2017,2019-09-16,2240,17,17,1,2528,0,0
201901979349100310,2018,2019-10-18,2240,35,19,17,2528,0,0
201902109349100740,2017,2019-10-08,2240,22,,0,,0,0
201902119349100515,2018,2019-10-08,2240,20,20,1,2544,0,0
201902309349100050,2018,2019-10-29,2240,25,,0,,0,0
201902609349100400,2018,2019-11-22,2240,156,30,127,2550,0,0
201902829349100715,2018,2019-12-06,2240,29,23,7,2544,0,0
201902839349100225,2018,2020-01-14,2240,32,30,3,2550,0,0
201902889349100440,2018,2019-12-06,2240,29,25,5,2544,1,0
201903049349100605,2018,2019-12-11,2240,21,21,1,2544,0,0
201903049349100615,2018,2019-12-11,2240,21,21,1,2544,0,0
201903099349100750,2018,2020-01-28,2240,30,,0,,0,0
201903129349100310,2018,2020-02-04,2240,32,,0,,0,0
201903159349100910,2018,2020-01-16,2240,23,20,4,2464,0,0
201903159349101025,2018,2020-02-04,2240,28,,0,,5,0
201903169349100865,2018,2020-01-28,2240,35,,0,,5,0
201903169349101080,2018,2020-01-28,2240,25,23,3,2528,0,0
201903169349101515,2018,2020-02-05,2240,23,23,1,2688,0,0
201903169349101575,2018,2020-02-05,2240,20,20,1,2544,0,0
201903189349102445,2018,2020-01-16,2240,24,23,2,2550,0,0
201903189349102830,2018,2020-01-27,2240,23,23,1,2550,1,0
201903199349101020,2018,2020-01-21,2240,30,27,4,2544,0,0
201903199349102025,2018,2020-01-21,2240,42,21,22,2544,0,22
201903199349104010,2018,2020-01-28,2240,29,28,2,2550,0,0
201903209349100300,2018,2020-02-07,2240,30,,0,,1,0
201903229349100520,2018,2020-01-30,2240,23,23,1,3104,0,0
201903469349100405,2018,2020-06-08,2240,19,19,1,2528,0,0
201910739349100216,2017,2019-04-08,2240,20,,0,,0,0
201910929349100101,2018,2019-05-23,2240,20,,0,,0,0
201910999349100011,2018,2019-06-07,2240,23,,0,,0,0
201910999349100701,2018,2019-11-15,2240,36,,0,,4,0
201911229349101681,2018,2019-05-23,2240,91,91,1,2550,2,0
201911299349101916,2018,2019-11-15,2240,25,23,3,2528,0,0
201911339349102701,2018,2019-05-28,2240,23,22,2,2544,0,0
201911349349102296,2018,2019-08-19,2240,21,21,1,2544,0,0
201911359349100741,2018,2019-11-21,2240,22,,0,,0,0
201911359349102091,2018,2019-06-14,2240,28,,0,,0,0
201911359349103506,2018,2020-07-06,2240,28,,0,,0,0
201911489349100151,2018,2019-08-12,2240,23,22,2,2496,0,0
201911549349100601,2018,2019-09-13,2240,27,,0,,0,0
201911589349100006,2018,2019-08-12,2240,43,24,20,2544,0,0
201911659349100211,2018,2019-09-09,2240,21,20,2,2528,0,0
201912069349100406,2017,2019-09-27,2240,46,26,21,2544,0,0
201912119349100206,2018,2019-10-01,2240,39,23,17,2544,0,0
201912209349100011,2018,2019-10-04,2240,21,19,3,2544,0,0
201912469349100601,2018,2019-10-28,2240,27,22,6,2544,0,0
201912489349101106,2018,2019-10-28,2240,34,24,11,2528,0,0
201912549349100121,2018,2019-11-15,2240,25,,0,,0,0
201912739349100101,2018,2019-12-16,2240,23,,0,,0,0
201913049349101001,2018,2020-01-23,2240,30,30,1,2544,4,0
201913159349101171,2018,2020-02-13,2240,31,31,1,2544,0,0
201913179349100226,2018,2020-01-16,2240,16,16,1,2550,0,0
201913179349100981,2018,2020-01-16,2240,58,26,33,2544,0,0
201913179349102086,2018,2020-01-28,2240,30,27,4,2544,0,0
201913179349102336,2018,2020-01-28,2240,40,,0,,7,0
201913189349101806,2018,2020-02-11,2240,30,30,1,2544,0,0
201913199349101336,2018,2020-02-19,2240,28,,0,,0,0
201913199349103766,2018,2020-02-14,2240,16,16,1,3184,0,0
201913439349100761,2018,2020-07-09,2240,32,31,2,3296,1,0
201920109349100412,2017,2019-04-05,2240,23,,0,,0,0
201920389349100702,2017,2019-04-11,2240,20,,0,,0,0
201920949349101212,2017,2019-05-13,2240,20,20,1,2544,0,0
201921219349100417,2018,2019-05-23,2240,24,,0,,1,0
201921279349100627,2017,2019-05-31,2240,22,,0,,0,0
201921349349101512,2018,2019-07-25,2240,22,,0,,1,0
201921349349101667,2018,2019-07-25,2240,23,,0,,0,0
201921349349103182,2018,2019-07-24,2240,20,,0,,0,0
201921359349100012,2018,2019-08-16,2240,44,27,18,2544,1,0
201921359349101657,2018,2019-08-26,2240,25,,0,,0,0
201921359349103912,2018,2019-08-30,2240,20,20,1,2544,0,0
201921489349100202,2018,2019-08-13,2240,33,25,9,2544,0,0
201921729349100307,2018,2019-10-17,2240,282,27,256,2544,0,0
201922259349100107,2017,2019-10-25,2240,21,,0,,0,0
201922269349100317,2018,2019-10-25,2240,24,,0,,0,0
201922599349100632,2017,2019-10-30,2240,18,,0,,0,0
201922839349100202,2017,2019-11-29,2240,18,,0,,0,0
201922879349100607,2018,2020-01-14,2240,23,20,4,2547,0,0
201923029349100717,2018,2020-02-06,2240,15,,0,,0,0
201923129349101152,2018,2020-02-18,2240,18,,0,,0,0
201923129349101502,2018,2020-02-18,2240,26,,0,,1,0
201923159349100432,2018,2020-02-13,2240,38,23,16,2544,0,0
201923169349100862,2018,2020-01-30,2240,27,23,5,2544,0,0
201923189349101372,2018,2020-02-14,2240,28,,0,,2,0
201923189349102342,2018,2020-02-14,2240,30,29,2,3632,0,0
201923189349103902,2018,2020-02-14,2240,105,29,77,2544,1,0
201923189349104002,2018,2020-02-14,2240,83,33,51,2544,0,0
201923199349101612,2018,2020-01-24,2240,18,,0,,0,0
201923199349101987,2018,2020-01-24,2240,26,26,1,3296,0,0
201923199349103467,2018,2020-02-04,2240,25,,0,,0,0
201923199349104087,2018,2020-01-24,2240,29,28,2,2544,0,0
201923439349100557,2018,2020-06-08,2240,20,19,2,2512,0,0
201930459349100103,2017,2019-05-02,2240,26,,0,,0,0
201930459349100853,2017,2019-05-02,2240,26,,0,,0,0
201930949349100833,2018,2019-05-28,2240,56,,0,,0,0
201931009349100503,2018,2019-05-28,2240,26,,0,,0,0
201931169349100208,2017,2019-05-23,2240,85,26,60,2496,0,0
201931209349100748,2017,2019-11-21,2240,25,24,2,2544,0,0
201931209349101303,2017,2019-11-21,2240,36,31,6,2544,0,0
201931339349102243,2018,2019-07-19,2240,24,24,1,2544,0,0
201931359349100138,2018,2019-07-12,2240,38,33,6,2544,0,0
201931359349101173,2018,2019-07-12,2240,28,28,1,2544,0,0
201931409349100268,2018,2019-09-05,2240,27,,0,,0,0
201931519349100313,2018,2019-09-09,2240,24,22,3,2992,0,0
201931659349100513,2017,2019-08-02,2240,47,32,16,2544,0,0
201932039349100058,2017,2019-09-27,2240,18,,0,,0,0
201932249349100008,2018,2019-10-25,2240,23,,0,,0,0
201932389349100253,2018,2019-10-31,2240,28,28,1,2544,0,0
201932529349100758,2018,2019-11-15,2240,28,26,3,2528,1,0
201932709349100103,2017,2019-12-26,2240,18,,0,,0,0
201932779349100713,2018,2019-12-06,2240,150,94,57,2544,61,0
201932839349100508,2018,2019-11-29,2240,44,34,11,2544,0,0
201933029349100518,2018,2020-01-16,2240,22,,0,,0,0
201933179349102613,2018,2020-07-09,2240,32,23,10,2512,0,0
201933179349102788,2018,2020-01-28,2240,21,21,1,2544,0,0
201933189349100543,2018,2020-01-21,2240,29,25,5,2544,0,0
201933189349101313,2018,2020-01-21,2240,62,19,44,2528,0,0
201933189349101688,2018,2020-01-21,2240,26,,0,,0,0
201933189349102853,2018,2020-01-21,2240,20,20,1,2544,0,0
201933199349100503,2018,2020-06-10,2240,24,,0,,0,0
201933309349100813,2018,2020-02-19,2240,39,39,1,2550,1,0
201940999349100314,2018,2019-05-24,2240,23,23,1,2528,0,0
201941279349101864,2018,2019-11-12,2240,20,,0,,0,0
201941289349100914,2018,2019-11-12,2240,20,20,1,2464,1,0
201941339349101479,2018,2019-12-09,2240,20,,0,,0,0
201941349349102619,2017,2019-08-30,2240,29,,0,,0,0
201941359349101569,2018,2019-06-07,2240,21,20,2,2544,0,0
201941359349103994,2017,2019-06-07,2240,19,,0,,0,0
201941589349100519,2017,2019-08-02,2240,26,24,3,2544,0,0
201942259349100224,2017,2019-10-18,2240,78,27,52,2480,0,0
201942359349100109,2018,2019-10-31,2240,21,17,5,2544,0,0
201943039349100709,2018,2019-12-13,2240,24,23,2,2544,0,0
201943119349100424,2018,2020-01-27,2240,32,,0,,1,0
201943129349100434,2018,2020-01-31,2240,33,30,4,2544,0,0
201943169349101689,2018,2020-02-07,2240,23,,0,,0,0
201943179349101054,2018,2020-02-13,2240,23,23,1,2544,0,0
201943179349101079,2018,2020-02-13,2240,38,34,5,2544,0,0
201943189349100844,2018,2020-01-16,2240,30,27,4,2560,0,0
201943189349101219,2018,2020-01-16,2240,20,20,1,2550,0,0
201943189349102939,2018,2020-01-27,2240,19,,0,,0,0
201943189349103979,2018,2020-01-16,2240,29,20,10,2528,0,0
201943189349104204,2018,2020-01-16,2240,29,27,3,2544,0,0
201943199349100129,2018,2020-02-04,2240,28,,0,,0,0
201943199349103049,2018,2020-01-24,2240,36,,0,,4,0
201943199349104434,2018,2020-01-23,2240,20,20,1,2544,0,0
201943519349100604,2018,2020-06-08,2240,30,,0,,1,0
202000089349100300,2018,2020-09-11,2240,21,,0,,0,0
202000109349100110,2018,2020-11-24,2240,23,23,1,3296,0,0
202000449349100015,2018,2020-09-22,2240,51,23,29,2544,0,0
202000549349100400,2019,2020-12-10,2240,19,19,1,2560,0,0
202000649349100510,2018,2020-09-22,2240,19,19,1,2544,0,0
202000869349100320,2019,2020-11-25,2240,28,28,1,2544,1,0
202000939349101605,2019,2020-08-21,2240,29,29,1,3296,1,0
202001219349100010,2019,2020-09-09,2240,18,18,1,2560,0,0
202001259349102130,2019,2020-09-28,2240,20,20,1,2560,0,0
202001399349100335,2019,2020-12-22,2240,18,18,1,2529,0,0
202001559349100525,2019,2020-08-13,2240,22,22,1,2544,0,0
202001609349100420,2018,2021-01-11,2240,19,19,1,3296,0,0
202001819349100515,2019,2020-09-11,2240,23,23,1,2550,0,0
202001829349101125,2019,2020-10-22,2240,23,,0,,0,0
202001849349100605,2019,2020-08-29,2240,25,22,4,2528,0,0
202001899349101135,2019,2021-01-11,2240,47,27,21,3248,0,0
202001929349101470,2019,2020-09-16,2240,30,,0,,1,0
202001969349101855,2019,2020-10-19,2240,27,24,4,2528,0,0
202002069349100005,2018,2020-10-15,2240,32,27,6,2544,0,0
202002259349100525,2018,2020-10-02,2240,30,25,6,2768,0,0
202002269349100410,2019,2020-10-02,2240,30,28,3,2544,0,0
202002309349100120,2018,2020-10-13,2240,48,27,22,2480,0,0
202002399349100400,2019,2020-12-03,2240,23,22,2,2550,0,0
202002699349100410,2019,2020-11-04,2560,28,1,28,2560,0,12
202003129349100105,2019,2021-11-02,2576,19,1,19,2576,0,9
202003219349100305,2019,2021-10-26,2560,37,1,37,2560,0,6
202010449349100016,2018,2020-10-13,2240,26,,0,,0,0
202010449349100306,2018,2020-08-11,2240,20,,0,,0,0
202010449349100606,2018,2020-08-20,2240,23,,0,,0,0
202010869349101011,2019,2020-12-09,2240,31,29,3,2544,1,0
202010899349100201,2019,2020-08-21,2240,33,30,4,2528,0,0
202010939349100301,2019,2020-09-15,2240,21,,0,,0,0
202011189349100631,2019,2020-08-21,2240,24,24,1,2768,0,0
202011189349100706,2019,2020-08-21,2240,53,31,23,2544,2,0
202011269349101426,2019,2020-09-02,2240,18,18,1,2560,0,0
202011649349100511,2019,2020-09-22,2240,400,396,5,2550,0,0
202011759349101021,2019,2020-08-21,2240,21,21,1,2512,0,0
202011839349100706,2019,2020-09-09,2240,18,18,1,4583,0,0
202011959349102701,2019,2021-01-11,2240,18,17,2,2544,0,0
202011979349101696,2018,2020-12-02,2560,29,1,29,2560,0,1
202011979349102206,2019,2022-01-12,2592,27,1,27,2592,0,11
202012049349100001,2019,2020-12-11,2240,23,22,2,2544,0,0
202012169349100106,2019,2020-10-13,2240,28,26,3,2528,1,0
202012259349101111,2018,2020-09-24,2240,27,,0,,1,0
202012939349100406,2019,2021-02-12,2576,21,1,21,2576,0,13
202013179349101406,2019,2021-10-12,2592,25,1,25,2592,0,6
202020099349100702,2018,2020-10-19,2240,26,,0,,0,0
202020159349100057,2018,2020-10-07,2240,22,,0,,0,0
202020159349100207,2018,2020-08-28,2240,35,25,11,3296,0,0
202020179349100007,2018,2020-12-10,2240,22,,0,,0,0
202020449349100307,2018,2020-11-25,2240,32,,0,,0,0
202020839349100202,2018,2020-09-18,2240,18,,0,,0,0
202020869349100512,2019,2020-11-13,2240,27,27,1,2544,1,0
202020869349100962,2019,2020-11-24,2240,28,28,1,2550,1,0
202021119349100102,2018,2021-01-11,2240,41,34,8,3296,0,0
202021269349101512,2018,2020-11-24,2240,31,,0,,0,0
202021309349100702,2019,2020-09-17,2240,24,23,2,2544,0,0
202021339349101012,2019,2020-08-11,2240,22,19,4,2528,0,0
202021449349100002,2019,2020-08-18,2240,26,26,1,2768,0,0
202021499349101707,2019,2020-10-20,2240,28,23,6,2544,0,0
202021709349100917,2019,2020-10-01,2240,32,23,10,2544,3,0
202021819349100247,2019,2020-09-09,2240,56,26,31,2544,1,0
202021829349101107,2019,2020-09-09,2240,26,23,4,2544,0,0
202021969349101682,2019,2020-09-24,2240,16,16,1,2496,0,0
202022259349100002,2019,2020-10-02,2240,103,101,3,2768,0,0
202022309349100032,2019,2020-11-25,2240,21,20,2,2544,0,0
202022339349100212,2019,2020-10-13,2240,20,19,2,2544,0,0
202022409349100202,2019,2020-11-25,2240,19,19,1,3632,0,0
202022599349100022,2019,2022-01-12,2576,33,1,33,2576,0,15
202022839349100102,2019,2022-01-26,2592,17,1,17,2592,0,10
202023109349100012,2019,2021-11-16,2576,16,1,16,2576,0,1
202030099349100203,2019,2020-08-28,2240,17,14,4,2560,0,0
202030579349100908,2019,2020-10-21,2240,23,23,1,2544,0,0
202031289349101243,2019,2020-11-07,2240,20,20,1,2544,0,0
202031329349101038,2019,2020-10-09,2240,23,22,2,2544,0,0
202031439349100308,2019,2020-08-26,2240,21,19,3,2480,0,0
202031499349100013,2019,2020-09-28,2240,24,22,3,3296,2,0
202031609349100863,2019,2020-09-28,2240,54,27,28,2528,0,0
202031889349100848,2018,2020-09-21,2240,31,,0,,0,0
202031979349101938,2019,2021-04-27,2560,26,1,26,2560,0,12
202032319349100213,2019,2020-10-23,2240,26,23,4,2544,0,0
202032329349100203,2019,2020-10-19,2240,32,,0,,0,0
202032409349100508,2019,2020-10-22,2240,16,,0,,0,0
202032549349100723,2019,2021-02-12,2560,15,1,15,2560,0,0
202040079349100504,2018,2020-09-25,2240,30,25,6,2544,0,0
202040449349100019,2018,2020-11-25,2240,22,,0,,0,0
202040569349100304,2018,2020-09-22,2240,20,,0,,0,0
202040579349100619,2018,2020-10-15,2240,35,25,11,2544,0,0
202040649349100509,2018,2020-10-07,2240,20,,0,,0,0
202041339349100639,2018,2020-09-18,2240,19,19,1,2544,0,0
202041399349100359,2019,2020-08-18,2240,29,23,7,2544,0,0
202041549349100214,2019,2020-09-28,2240,25,,0,,0,0
202041579349100814,2018,2020-12-30,2240,81,23,59,2496,0,0
202041639349100114,2018,2020-08-21,2240,28,27,2,3184,1,0
202041639349100804,2019,2020-08-28,2240,20,,0,,0,0
202041839349101514,2019,2020-09-28,2240,26,25,2,2544,0,0
202041929349100829,2019,2020-10-02,2240,25,24,2,2544,0,0
202041959349100919,2019,2020-09-09,2240,25,25,1,2544,0,0
202043239349100204,2019,2021-11-02,2576,25,1,25,2576,0,11
202131819339301828,2018,2019-05-29,2240,21,21,1,2560,0,0
202131829339300343,2018,2019-05-28,2240,31,,0,,2,0
202131829339300433,2018,2019-06-14,2240,27,26,2,2496,0,0
202131939339300158,2018,2019-05-31,2240,31,,0,,0,0
202132639339301913,2018,2019-05-23,2240,24,22,3,2550,0,0
202132789339303038,2018,2019-05-31,2240,20,20,1,2544,0,0
202132809339307923,2018,2019-05-23,2240,30,30,1,2544,1,0
202140219349101119,2019,2022-03-29,2592,27,1,27,2592,0,6
202142219339302639,2017,2019-06-10,2240,40,30,11,2288,0,11
202142849339303614,2018,2019-05-29,2240,20,,0,,0,0
202142869339303309,2018,2019-05-28,2240,21,,0,,0,0
